<?xml version="1.0" encoding="UTF-8"?>
<beans xmlns="http://www.springframework.org/schema/beans"
	xmlns:xsi="http://www.w3.org/2001/XMLSchema-instance"
	xmlns:context="http://www.springframework.org/schema/context"
	xsi:schemaLocation="http://www.springframework.org/schema/beans http://www.springframework.org/schema/beans/spring-beans.xsd
		http://www.springframework.org/schema/context http://www.springframework.org/schema/context/spring-context-4.3.xsd">


        <bean id="userServiceTx" class="com.pcwk.ehr.UserServiceTx">
           <property name="transactionManager" ref="transactionManager"/>
           <property name="userService"  ref="userService"></property>
        </bean>

        <!-- dev용 MailSender -->
        <bean id="mailSender" class="com.pcwk.ehr.cmn.DummyMailSender"/>
		<!-- Naver smtp                                           
		JavaMailSenderImpl    -->                                               
         

         <bean id="mailSenderImpl" class="org.springframework.mail.javamail.JavaMailSenderImpl">
	        <property name="host" value="smtp.naver.com" />
	        <property name="port" value="465" />
	        <property name="username" value="jamesol@naver.com" />
	        <property name="password" value="비번" />
	        <property name="defaultEncoding" value="utf-8" />
	        <property name="javaMailProperties">
	            <props>
	                <prop key="mail.smtp.host">smtp.naver.com</prop>
	                <prop key="mail.smtp.port">465</prop>
	                <prop key="mail.smtp.auth">true</prop>
	                <prop key="mail.smtp.ssl.protocols">TLSv1.2</prop>
	                <prop key="mail.smtp.ssl.enable">true</prop>
	                <prop key="mail.smtp.ssl.trust">smtp.naver.com</prop>
	                <prop key="mail.debug">true</prop>
	            </props>
	        </property>
        </bean>


        <bean id="transactionManager" class="org.springframework.jdbc.datasource.DataSourceTransactionManager">
           <property name="dataSource" ref="dataSource"></property>
        </bean>
        
        <!-- jta -->
        <!-- <bean id="transactionManager" class="org.springframework.transaction.jta.JtaTransactionManager"></bean> -->
        
        <bean id="dataSource" class="org.springframework.jdbc.datasource.SimpleDriverDataSource">
           <property name="driverClass" value="oracle.jdbc.driver.OracleDriver"/>
           <property name="url" value="jdbc:oracle:thin:@localhost:1521:xe"/>
           <property name="username" value="SPRING"/>
           <property name="password" value="SPRING9"></property>
           
        </bean>
       
        <!-- service -->
        <bean id="userService" class="com.pcwk.ehr.member.service.UserServiceImpl">
          <property name="userDao" ref="userDao"/>
          <property name="dataSource" ref="dataSource"></property>
          <property name="transactionManager" ref="transactionManager"/>
          <property name="mailSender" ref="mailSender"></property>
        </bean>
       
        <!-- dao -->
        <bean id="userDao" class="com.pcwk.ehr.member.dao.UserDaoImpl">
          <!-- setter통한 의존관계 주입 -->
          <property name="dataSource" ref="dataSource"/>
        </bean>
</beans>
