<?xml version="1.0" encoding="UTF-8"?>
<!DOCTYPE mapper
  PUBLIC "-//mybatis.org//DTD Mapper 3.0//EN"
  "http://mybatis.org/dtd/mybatis-3-mapper.dtd">
<mapper namespace="com.pcwk.ehr.member">
  
  <!-- 전체 조회 -->
  <select id="getAll" resultType="UserVO">
    SELECT                                              
        u_id AS "uId",                                            
        name,                                            
        passwd,                                          
        u_level AS intLevel,                                         
        login,                                           
        recommend,                                       
        email,                                           
        TO_CHAR(reg_dt,'yyyy/mm/dd hh24:mi:ss') AS  regDt  
    FROM hr_member 
    ORDER BY u_id  
  </select>
  
  <!-- 수정 -->
  <update id="doUpdate" parameterType="UserVO">
	UPDATE hr_member         
	SET name       = #{name}       
	    ,passwd    = #{passwd}       
	    ,u_level   = #{intLevel}       
	    ,login     = #{login}       
	    ,recommend = #{recommend}       
	    ,email     = #{email}       
	    ,reg_dt    = SYSDATE 
	WHERE u_id     = #{uId}         
  </update>
  <!-- 건수조회  namespace+id -> com.pcwk.ehr.member.getCount -->
  <select id="getCount" resultType="int">
     SELECT COUNT(*) cnt 
     FROM hr_member 
  </select>
  
  
  <!-- 단건 등록  namespace+id -> com.pcwk.ehr.member.doInsert -->
  <insert id="doInsert" parameterType="UserVO">
	 INSERT INTO hr_member (
	     u_id,              
	     name,              
	     passwd,            
	     u_level,           
	     login,             
	     recommend,         
	     email,             
	     reg_dt             
	 ) VALUES (             
	     #{uId},                 
	     #{name},                 
	     #{passwd},                 
	     #{intLevel},                 
	     #{login},                 
	     #{recommend},                 
	     #{email},                 
	     sysdate            
	 )                        
  </insert>
  
  <!-- 전체 삭제 -->
  <delete id="deleteAll">
     DELETE FROM hr_member
  </delete>
     
  <!-- 단건삭제 : namespace+id -> com.pcwk.ehr.member.doDelete -->
  <delete id="doDelete" parameterType="UserVO" >
     DELETE FROM hr_member
     WHERE u_id = #{uId}
  </delete>
  
  <resultMap type="UserVO" id="userResultMap">
    <id  property="uId"           column="u_id"/>
    <result  property="name"      column="name"/>
    <result  property="passwd"    column="passwd"/>
    <result  property="intLevel"  column="u_level"/>
    <result  property="login"     column="login"/>
    <result  property="recommend" column="recommend"/>
    <result  property="email"     column="email"/>
    <result  property="regDt"     column="reg_dt"/>
  </resultMap>   
  <!-- 단건조회 namespace+id -> com.pcwk.ehr.member.doSelectOne -->
  <select id="doSelectOne" parameterType="UserVO"  resultMap  ="userResultMap">
    <![CDATA[ 
	SELECT                                              
	    u_id,                                            
	    name,                                            
	    passwd,                                          
	    u_level ,                                         
	    login,                                           
	    recommend,                                       
	    email,                                           
	    TO_CHAR(reg_dt,'yyyy/mm/dd hh24:mi:ss') reg_dt
	FROM hr_member                                       
	WHERE u_id = #{uId} ]]>      
  </select>
  
  <sql id="searchCondition">
    <!-- where 엘리먼트는 태그에 의해 컨텐츠가 리턴되면 단순히 “WHERE”만을 추가한다. 게다가 컨텐츠가 “AND”나 “OR”로 시작한다면 그 “AND”나 “OR”를 지워버린다. -->
    <!-- u_id,name,email : 10,20,30 -->
    <where>
        <choose>
            <when test=" '10' == searchDiv and '' != searchWord ">
               u_id LIKE #{searchWord}||'%'
            </when>
        
            <when test=" '20' == searchDiv and '' != searchWord  ">
               name LIKE #{searchWord}||'%'
            </when> 
            <when test=" '30' == searchDiv and '' != searchWord  ">
               email LIKE #{searchWord}||'%'
            </when>                    
        </choose>
    </where>
  </sql>
  
  <select id="doRetrieve" parameterType="SearchVO" resultType="UserVO">
		SELECT A.*,B.*
		FROM(
		    SELECT tt1.rnum  AS  num,
		           tt1.u_id  AS "uId",
		           tt1.name,
		           tt1.passwd,
		           tt1.u_level AS intLevel,
		           tt1.recommend,
		           tt1.email,
		           DECODE(TO_CHAR(SYSDATE,'YYYYMMDD'),TO_CHAR(tt1.reg_dt,'YYYYMMDD')
		                 ,TO_CHAR(tt1.reg_dt,'HH24:MI')
		                 ,TO_CHAR(tt1.reg_dt,'YYYY/MM/DD HH24:MI:SS')) regDt
		    FROM (
		        SELECT ROWNUM rnum,t1.*
		        FROM (
		            SELECT *
		            FROM hr_member
		            --where조건
		            <include refid="searchCondition"/>
		            ORDER BY reg_dt desc
		        )t1
		    )tt1
		    --WHERE rnum BETWEEN  1  AND 10
		    WHERE rnum BETWEEN  (#{pageSize} * (#{pageNum}-1)+1)  AND #{pageSize} * (#{pageNum}-1)+#{pageSize}
		)A
		CROSS JOIN
		(
		    SELECT COUNT(*) AS totalcnt
		    FROM hr_member
		    --where조건
		    <include refid="searchCondition"/>
		)B  
  </select>
  
</mapper>  

















