<?xml version="1.0" encoding="UTF-8"?>
<beans xmlns="http://www.springframework.org/schema/beans"
	xmlns:xsi="http://www.w3.org/2001/XMLSchema-instance"
	xmlns:aop="http://www.springframework.org/schema/aop"
	xmlns:context="http://www.springframework.org/schema/context"
	xmlns:p="http://www.springframework.org/schema/p"
	xsi:schemaLocation="http://www.springframework.org/schema/beans http://www.springframework.org/schema/beans/spring-beans.xsd
		http://www.springframework.org/schema/aop http://www.springframework.org/schema/aop/spring-aop-4.3.xsd
		http://www.springframework.org/schema/context http://www.springframework.org/schema/context/spring-context-4.3.xsd">
	<!-- Target -->	
    <bean id="memberImpl" class="com.pcwk.ehr.aspectj.MemberImpl"/>
    
    <!-- Advice -->
    <bean id="aroundAdvice" class="com.pcwk.ehr.aspectj.AroundAdvice"></bean>
    
    <aop:config>
       <aop:pointcut expression="execution(* com.pcwk.ehr.aspectj..*Impl.do*(..))" id="allPointCut"/>
       <aop:aspect ref="aroundAdvice">
          <aop:around method="aroundLog"  pointcut-ref="allPointCut"/>
       </aop:aspect>
       
    </aop:config>
    
</beans>
