<?xml version="1.0" encoding="UTF-8"?>
<beans xmlns="http://www.springframework.org/schema/beans"
	xmlns:xsi="http://www.w3.org/2001/XMLSchema-instance"
	xmlns:context="http://www.springframework.org/schema/context"
	xmlns:aop="http://www.springframework.org/schema/aop"
	xmlns:tx="http://www.springframework.org/schema/tx"
	xsi:schemaLocation="http://www.springframework.org/schema/beans http://www.springframework.org/schema/beans/spring-beans.xsd
		http://www.springframework.org/schema/context http://www.springframework.org/schema/context/spring-context-4.3.xsd
		http://www.springframework.org/schema/aop http://www.springframework.org/schema/aop/spring-aop-4.3.xsd
		http://www.springframework.org/schema/tx http://www.springframework.org/schema/tx/spring-tx-4.3.xsd">
        <!-- tx namespace를 사용하는 트랜잭션 -->
        <!-- 트랜잭션 Advice -->
        <tx:advice id="txAdvice" transaction-manager="transactionManager">
            <tx:attributes>
                <!-- do으로 시작하는 모든 메소드는 read-only="true" 트랜잭션관리 대상에서 제외 -->
                <tx:method name="do*" read-only="true"/>
                <!-- up으로 시작하는 모든 메소드는 read-only="false" 트랜잭션관리 대상 -->
                <tx:method name="up*" read-only="false"/>
            </tx:attributes>
       
        </tx:advice>
        
        <bean id="transactionManager" class="org.springframework.jdbc.datasource.DataSourceTransactionManager">
           <property name="dataSource" ref="dataSource"></property>
        </bean>

        <aop:config>
            <aop:pointcut expression="execution(* com.pcwk.ehr..service.*Impl.*(..))" id="txPointCut"/>
            <aop:advisor advice-ref="txAdvice" pointcut-ref="txPointCut"/>
        </aop:config>
        
        

        <!-- dev용 MailSender -->
        <bean id="mailSender" class="com.pcwk.ehr.cmn.DummyMailSender"/>
		<!-- Naver smtp                                           
		JavaMailSenderImpl    -->                                               
         

         <bean id="mailSenderImpl" class="org.springframework.mail.javamail.JavaMailSenderImpl">
	        <property name="host" value="smtp.naver.com" />
	        <property name="port" value="465" />
	        <property name="username" value="jamesol@naver.com" />
	        <property name="password" value="비번" />
	        <property name="defaultEncoding" value="utf-8" />
	        <property name="javaMailProperties">
	            <props>
	                <prop key="mail.smtp.host">smtp.naver.com</prop>
	                <prop key="mail.smtp.port">465</prop>
	                <prop key="mail.smtp.auth">true</prop>
	                <prop key="mail.smtp.ssl.protocols">TLSv1.2</prop>
	                <prop key="mail.smtp.ssl.enable">true</prop>
	                <prop key="mail.smtp.ssl.trust">smtp.naver.com</prop>
	                <prop key="mail.debug">true</prop>
	            </props>
	        </property>
        </bean>



        
        <!-- jta -->
        <!-- <bean id="transactionManager" class="org.springframework.transaction.jta.JtaTransactionManager"></bean> -->
        
        <bean id="dataSource" class="org.springframework.jdbc.datasource.SimpleDriverDataSource">
           <property name="driverClass" value="oracle.jdbc.driver.OracleDriver"/>
           <property name="url" value="jdbc:oracle:thin:@localhost:1521:xe"/>
           <property name="username" value="SPRING"/>
           <property name="password" value="SPRING9"></property>
           
        </bean>
       
        <!-- service -->
        <bean id="userService" class="com.pcwk.ehr.member.service.UserServiceImpl">
          <property name="userDao" ref="userDao"/>
          <property name="dataSource" ref="dataSource"></property>
          <property name="transactionManager" ref="transactionManager"/>
          <property name="mailSender" ref="mailSender"></property>
        </bean>
       
        <!-- dao -->
        <bean id="userDao" class="com.pcwk.ehr.member.dao.UserDaoImpl">
          <!-- setter통한 의존관계 주입 -->
          <property name="dataSource" ref="dataSource"/>
        </bean>
</beans>
