<?xml version="1.0" encoding="UTF-8"?>
<beans xmlns="http://www.springframework.org/schema/beans"
	xmlns:xsi="http://www.w3.org/2001/XMLSchema-instance"
	xmlns:context="http://www.springframework.org/schema/context"
	xsi:schemaLocation="http://www.springframework.org/schema/beans http://www.springframework.org/schema/beans/spring-beans.xsd
		http://www.springframework.org/schema/context http://www.springframework.org/schema/context/spring-context-4.3.xsd">

    <bean id="tv" class="com.pcwk.ehr.SamsungTV" 
    init-method="initMethod"
    destroy-method="destroyMethod">
     <property name="price" value="1000000"/>
     <property name="speaker" ref="appleSpeaker"></property>
      
    </bean>
    
    <bean id="appleSpeaker" class="com.pcwk.ehr.AppleSpeaker"></bean>
    <bean id="sonySpeaker" class="com.pcwk.ehr.SonySpeaker"></bean>
    
    
</beans> 
