{
    "lastBuildDate": "Fri, 29 Oct 2021 17:33:58 +0900",
    "total": 17755,
    "start": 1,
    "display": 10,
    "items": [
        {
            "title": "<b>RPA</b>개발자양성 차별화를 가질 수 있는 정보",
            "link": "https:\/\/blog.naver.com\/aksen8989?Redirect=Log&logNo=222345009782",
            "description": "<b>RPA</b>가 이를 대신해 줄 수가 있습니다. 마치 엑셀을 사용할 때 매크로와 비슷하지만 조금 더 범위가 넓고 엑셀 뿐 아니라 다양한 부분에서 활용할 수가 있습니다. <b>RPA</b>는 로봇을 활용하여 프로세스를... ",
            "bloggername": "새댁유미의 뷰티라이프",
            "bloggerlink": "https://blog.naver.com/aksen8989",
            "postdate": "20210510"
        },
        {
            "title": "<b>RPA</b> (Robotic Process Automation)",
            "link": "https:\/\/blog.naver.com\/rookiego90?Redirect=Log&logNo=222102968898",
            "description": "어느 정도 규모가 큰 기업에서는 <b>RPA</b> 기술에 대해 많이 이야기 되고 있습니다. 4차산업과 AI, 빅데이터 등 최신기술의 적용이나 시범도입 등에서도 빠지지 않고 나오는 기술 <b>RPA</b>에 대해서 알아볼까 합니다.... ",
            "bloggername": "최고의 조합! 서핑과 프로그래밍 + ...",
            "bloggerlink": "https://blog.naver.com/rookiego90",
            "postdate": "20200930"
        },
        {
            "title": "<b>RPA</b> 개발자 취업은 앞으로 가장 떠오를 직무입니다.",
            "link": "https:\/\/blog.naver.com\/jieunhan125?Redirect=Log&logNo=222534704678",
            "description": "<b>RPA</b> 개발 (Robotic Process Automation) 데이터 분석과 학습을 바탕으로 인공지능 모델을 접목합니다. 이를... <b>RPA</b> 개발자는 - 반복적인 업무를 자동화 - 데이터 분석 모델 개발 - 인공지능 모델 개발 ※ 공장... ",
            "bloggername": "파이리",
            "bloggerlink": "https://blog.naver.com/jieunhan125",
            "postdate": "20211012"
        },
        {
            "title": "에너지 기업 S사 <b>RPA</b>도입, IT관리업무를 로봇사무자동화한 사례",
            "link": "https:\/\/blog.naver.com\/kosena21?Redirect=Log&logNo=222313231835",
            "description": "S 사는 인건비 상승에 따라 기존 인력을 고부가가치 업무에 효율적으로 사용하기 위해 <b>RPA</b>를 도입했습니다. <b>RPA</b>를 활용하면 로봇사무자동화가 가능하다고 판단하여 다양한 분야에 <b>RPA</b>를 도입하게 됐습니다.... ",
            "bloggername": "인공지능, RPA 그리고 실무도입은.....",
            "bloggerlink": "https://blog.naver.com/kosena21",
            "postdate": "20210417"
        },
        {
            "title": "스마트팩토리에서 <b>RPA</b> 역할은 무엇인가? (딜로이트 컨설팅)",
            "link": "https:\/\/blog.naver.com\/uipath?Redirect=Log&logNo=222547429474",
            "description": "필수 ▶ <b>RPA</b>는 스마트팩토리에서 핵심적 역할을 담당 제조업에 부는 스마트팩토리 태풍 기존 제조산업은 다른 업종에 비해 시대에 뒤쳐져 있다는 인식이 강합니다. 클라우드 컴퓨팅, <b>RPA</b>, 빅데이터 및 AI... ",
            "bloggername": "UiPath님의블로그",
            "bloggerlink": "https://blog.naver.com/uipath",
            "postdate": "20211025"
        },
        {
            "title": "국비지원무료교육 블록체인 &amp; <b>RPA</b> 신청 과정",
            "link": "https:\/\/blog.naver.com\/dbdb790?Redirect=Log&logNo=222345284569",
            "description": "그래서 오늘은 특별히 한경닷컴에서 블록체인과 업무 자동화 <b>RPA</b>에 대한 국비지원무료교육생 모집... 블록체인과 <b>RPA</b>에 대한 국비지원무료교육을 진행하고 있습니다. 그럼 한경닷컴에서 진행중인 블록체인... ",
            "bloggername": "Hari_Hari",
            "bloggerlink": "https://blog.naver.com/dbdb790",
            "postdate": "20210510"
        },
        {
            "title": "[2021-8] 성공적인 <b>RPA</b>플랫폼 구축 AtoZ(이석배); 210613",
            "link": "https:\/\/blog.naver.com\/quintain2000?Redirect=Log&logNo=222396415689",
            "description": "#성공적인<b>RPA</b>플랫폼구축AtoZ 성공적인 <b>RPA</b> 플랫폼 구축 A to Z 저자 이석배 출판 영진.com(영진닷컴) 발매 2021.06.04. -. 2021.06.04~06.13 *2019년부터 <b>RPA</b>의 개념(그당시에는 기술은 'API+자동화의 확장버전 수준'을... ",
            "bloggername": "머니소나타[Money Sonata] : 錢의 협주곡",
            "bloggerlink": "https://blog.naver.com/quintain2000",
            "postdate": "20210613"
        },
        {
            "title": "위협하는 CRM 회사...AI를 활용한 <b>RPA</b> 선도회사",
            "link": "https:\/\/blog.naver.com\/hardark?Redirect=Log&logNo=222078140560",
            "description": "이익이 악화되고 있음에도 오히려 주가가 빠르게 상승하는 역설은 이 회사가 최근 집중하고 있는 <b>RPA</b>(Robotic Process Automation)를 이해해야 가능합니다. <b>RPA</b>는 기업의 재무, 회계, 제조, 구매, 고객... ",
            "bloggername": "경제적 여유만큼 정신적 여유를",
            "bloggerlink": "https://blog.naver.com/hardark",
            "postdate": "20200902"
        },
        {
            "title": "교육비를 지원해드립니다! (<b>RPA</b>솔루션 운용 빅데이터 분석)",
            "link": "https:\/\/blog.naver.com\/eduwillgroup?Redirect=Log&logNo=222429936236",
            "description": "바로 '<b>RPA</b> 솔루션 운용 빅데이터 분석 기초 실무자 양성과정'입니다. 본 과정은 에듀윌의 체계적인... <b>RPA</b> 솔루션 운용 빅데이터 분석 기초 실무자 양성과정 교육 대상은 제대군인지원센터 회원으로 가입... ",
            "bloggername": "에듀윌 공식블로그",
            "bloggerlink": "https://blog.naver.com/eduwillgroup",
            "postdate": "20210713"
        },
        {
            "title": "BMW 타이어공기압 모니터링 시스템 소개 FTMS TPMS : <b>RPA</b> RDC",
            "link": "https:\/\/blog.naver.com\/reallise?Redirect=Log&logNo=222537484665",
            "description": "(FTMS) <b>RPA</b> 방식과 (TMPS) RDC 방식으로 이루어진다. 요즘엔 그냥 통합적으로 TPMS 로 불리우는 듯 하다. 타이어 모니터링 관련 BMW 옵션코드는 (S2VBA) TYRE PRESSURE CONTROL (TPC) (S265A) TYRE PRESSURE CONTROL (TPC) <b>RPA</b>... ",
            "bloggername": "애봉봉의 부릉부릉",
            "bloggerlink": "https://blog.naver.com/reallise",
            "postdate": "20211015"
        }
    ]
}
