{"lastBuildDate": "Fri, 29 Oct 2021 17:45:31 +0900","total": 3658865,"start": 1,"display": 10,"items": [{"title": "격리호텔에서 회사직원에게 받은 제로콜라 및 <b>노트북</b>","link": "http://chiculture.egloos.com/4201503","description": "그리고 그 다음날 앞으로 제가 사용할 <b>노트북</b>을 받았습니다. 현재 사용하고 있는 <b>노트북</b>이 '그램17' 인데 17인치 화면을 보다가 14인치 화면을 보니 엄청 작아 보입니다. 화면크기뿐만 아니라 무게도 그램17 보다... ","bloggername": "차이컬쳐","bloggerlink": "http://chiculture.egloos.com/","postdate": "20210916"},{"title": "20만원대 저가형 <b>노트북</b> 아이뮤즈 스톰북 윈도우10 탑재까지","link": "https:\/\/blog.naver.com\/lucky_box7?Redirect=Log&logNo=222551162537","description": "1인 1<b>노트북</b>이라는 용어가 나올 만큼 3~4년 전부터 <b>노트북</b> 시장은 점점 커지고 있습니다. 특히 비대면 시대에 돌입한 효과도 있고, 무엇보다 동영상 콘텐츠의 소비가 많아짐에 따라 자유로운 영상 시청을... ","bloggername": "Cwon's Life","bloggerlink": "https://blog.naver.com/lucky_box7","postdate": "20211028"},{"title": "<b>노트북</b> 쿨러 잘만 ZM-NS1000 초솔직후기","link": "https:\/\/blog.naver.com\/yukan8?Redirect=Log&logNo=222544360138","description": "<b>노트북</b> 쿨러 잘만 ZM-NS1000 초솔직후기 안녕하세요! 얼마 전 제가 사용하는 맥북에서 불규칙 적으로 틱... 불안해서 배터리 쪽을 만져보니 상당히 뜨거워서, 그 길로 바로 #<b>노트북</b>쿨러 하나를 장만하게... ","bloggername": "Blueholic_","bloggerlink": "https://blog.naver.com/yukan8","postdate": "20211022"},{"title": "리퍼<b>노트북</b> 가격 찾다보니 괜찮은곳!","link": "https:\/\/blog.naver.com\/fa1772?Redirect=Log&logNo=222544270224","description": "학교에서 온라인 강의를 들으며 수업을 따라가니까 <b>노트북</b>이 하나쯤 있어야지 편할 것 같다고... 리퍼<b>노트북</b> 가격 200,000원~300,000원대로 알아보기 시작했어요. 그렇다고 해서 가성비만 챙기려면 기능이 부족해서... ","bloggername": "책 보고 차 마시는 집","bloggerlink": "https://blog.naver.com/fa1772","postdate": "20211022"},{"title": "사무용<b>노트북</b> NT930QDB-K71A 활용성 좋아","link": "https:\/\/blog.naver.com\/jys_9714?Redirect=Log&logNo=222534857031","description": "<b>노트북</b>을 버릴때가 된 것 같아요. 보통은 3년 정도 사용하는 데 중고로 구입을 한 탓에 얼마못가서 금방 프로그램도 느려지고 업데이트가 진행되는 속도도 점점 더뎌지는 듯 했어요. 용량이 많은 <b>노트북</b>... ","bloggername": "Gokdong-log","bloggerlink": "https://blog.naver.com/jys_9714","postdate": "20211012"},{"title": "LENOVOR ThinkPad E15 <b>노트북</b>..","link": "https:\/\/blog.naver.com\/sk4118?Redirect=Log&logNo=222545201386","description": "2년전즘에 구매한 6코어12스레드+주사율 144hz 의 고성능 LG <b>노트북</b>을 샀습니다. 언젠가 주말에 유튜브... 고성능 게이밍 <b>노트북</b>에서 저전력 AMD 내장그래픽 <b>노트북</b>으로 추락 하였습니다. 그래도 새로나온... ","bloggername": "행복한 튼튼이네..","bloggerlink": "https://blog.naver.com/sk4118","postdate": "20211022"},{"title": "중고 <b>노트북</b> 탁월하게 이용했어요","link": "https:\/\/blog.naver.com\/blueyunzo?Redirect=Log&logNo=222467323777","description": "저와 함께 오랜시간 옆에서 동고동락했던 <b>노트북</b>이 결국 수명을 다하고 말았어요. 손쓸 틈도 없이... 고치는 비용보다 저렴하게 구입할 수 있는 중고<b>노트북</b>을 하나 장만해 보려고 리퍼연구소 사이트에서... ","bloggername": "상큼한주주의 긍정블로그","bloggerlink": "https://blog.naver.com/blueyunzo","postdate": "20210812"},{"title": "중고<b>노트북</b> 사는 꿀팁!","link": "https:\/\/blog.naver.com\/rkdtjsgma?Redirect=Log&logNo=222547053030","description": "&quot; 흠 하, 오늘은 믿고 안심하고 구매할 수 있는 중고 <b>노트북</b> 소개해드리려고 합니다 !! 얼마전 낑낑 무겁게 짊어지고 다녔던 저의 구형 <b>노트북</b>이 어느 순간부터 전원이 들어오지 않더라고요. 배터리가 없나하고... ","bloggername": "동네친구흠2","bloggerlink": "https://blog.naver.com/rkdtjsgma","postdate": "20211024"},{"title": "<b>노트북</b> 거치대 휴대용으로도 간편한 닥터스탠드","link": "https:\/\/blog.naver.com\/aimei96?Redirect=Log&logNo=222529461477","description": "재택근무가 일상화되면서 집에서도 업무를 봐야 하는 상황이 지속되다 보니 <b>노트북</b>을 쓰게 되는 빈도가... 앞으로도 언택트 회의나 업무가 지속될 것 같아 꾸준히 쓸 수 있을 만한 <b>노트북</b> 거치대를 하나... ","bloggername": "메이의 뷰스트잇(Beauty/it)","bloggerlink": "https://blog.naver.com/aimei96","postdate": "20211007"},{"title": "USB C타입허브 겸용 <b>노트북</b>거치대, 나만 몰랐네?","link": "https:\/\/blog.naver.com\/bbiyou?Redirect=Log&logNo=222537228226","description": "오늘은 #<b>노트북</b>거치대 와 USB C타입 허브 겸용 유그린 X-Kit 소개해요  직장생활 19년, 데스크탑이 익숙한 나 코로나 이후, 긱경제 시대에 맞추어 온라인 창업을 시작했고 1인 기업가가 되었다. <b>노트북</b>, 스마트폰... ","bloggername": "잘나가는 빠워블로거❤ 봉여사","bloggerlink": "https://blog.naver.com/bbiyou","postdate": "20211014"}]}