{
    "lastBuildDate": "Fri, 29 Oct 2021 17:36:55 +0900",
    "total": 86935,
    "start": 1,
    "display": 10,
    "items": [
        {
            "title": "<b>웹</b>",
            "link": "https://terms.naver.com/entry.naver?docId=4383203&cid=59941&categoryId=59941",
            "description": "[<b>웹</b>] 우리가 흔히 사용하는 “인터넷에서 확인해 볼께요”라는 말의 뜻은 “인터넷 익스플로러나 크롬 등의 <b>웹</b> 브라우저를 통해 <b>웹</b> 사이트에 접속하여 내용을 확인해 볼께요”의 뜻입니다. 즉, 인터넷과... ",
            "thumbnail": "https://phinf.pstatic.net/tvcast/20150820_67/haaNE_1440032537253Mh2bX_JPEG/E3140413FF2413839AB30F89E39C5AC3844_muploader_h_480P_854_1024_128_logo.jpg?type=f480#480x272#m"
        },
        {
            "title": "<b>웹</b>",
            "link": "https://terms.naver.com/entry.naver?docId=3597409&cid=58598&categoryId=59316",
            "description": " 인터넷에서 정보를 교환하는 시스템.  <b>웹</b>(web)은 World Wide Web의 줄임말로서 인터넷 상에서 동작하는 하나의 서비스입니다. <b>웹</b>을 이해하기 위해서 반드시 알아야 하는 것이 바로 하이퍼텍스트(Hyper Text)입니다.... ",
            "thumbnail": "http://openapi-dbscthumb.phinf.naver.net/4751_000_3/20170630185623676_IEN887NP4.jpg/992_170516_10321.jpg?type=m160_160"
        },
        {
            "title": "<b>웹</b>",
            "link": "https://terms.naver.com/entry.naver?docId=841364&cid=42344&categoryId=42344",
            "description": "<b>웹</b>의 원래 의미는 「거미집」으로 하나의 사이트나 또는 다른 사이트와의 관계가 거미집처럼 복잡하게 얽혀 있기 때문에 <b>웹</b>이라고 부른다. [유용한 <b>웹</b> 사이트]... ",
            "thumbnail": ""
        },
        {
            "title": "<b>웹</b>",
            "link": "https://terms.naver.com/entry.naver?docId=784905&cid=41828&categoryId=41828",
            "description": "보통 WWW(World Wide Web)이라고 불린다. 제공하는 정보 검색 서비스로 텍스트만 제공했던 기존의 정보 서비스와는 달리 그림, 동화상, 소리 등도 모두 지원하고 있다. 또 하이퍼텍스트 개념을 도입하여 쉽게... ",
            "thumbnail": ""
        },
        {
            "title": "<b>웹</b>",
            "link": "https://terms.naver.com/entry.naver?docId=2063340&cid=42107&categoryId=42107",
            "description": "인터넷을 통해 <b>웹</b>에 들어가 <b>웹</b>정보를 검색케 해주는 프로그램을 &quot;<b>웹</b> 브라우저(Web Browser)&quot;라고 한다. <b>웹</b> 서비스를 제공하는 기관이나 장소를 &quot;<b>웹</b> 사이트(Web Site)&quot;, <b>웹</b> 서비스를 제공하는 호스트컴퓨터를... ",
            "thumbnail": ""
        },
        {
            "title": "<b>웹</b>",
            "link": "https://terms.naver.com/entry.naver?docId=2464887&cid=51399&categoryId=51399",
            "description": "야구 글러브의 엄지와 검지 사이의 그물망부분입니다. 공을 안정적으로 받거나 연속되는 2차 동작을 쉽게 연결할 수 있도록 다양한 <b>웹</b> 형태가 있습니다.",
            "thumbnail": ""
        },
        {
            "title": "<b>웹</b>",
            "link": "https://terms.naver.com/entry.naver?docId=15857&cid=43659&categoryId=43659",
            "description": "문자 위주의 서비스에서 탈피하여, 문자·영상·음성등이 혼합된 멀티미디어 정보를 마치 거미줄과 같은 통신망으로 세계 각지에 연결시켜 주는 서비스",
            "thumbnail": ""
        },
        {
            "title": "<b>웹</b>",
            "link": "https://terms.naver.com/entry.naver?docId=6075597&cid=67350&categoryId=67350",
            "description": "[구조] I형, H형 등의 부재에서 플랜지를 연결하는 부분. 휨재에서는 주로 전단력을 받아 거동을 한다. 참고 : 건축구조용어사전, 대한건축학회",
            "thumbnail": ""
        },
        {
            "title": "<b>웹</b>",
            "link": "https://terms.naver.com/entry.naver?docId=1646557&cid=50320&categoryId=50320",
            "description": "1) 거미망이나 망사모양의 구조물이나 형태를 말한다. 2) 캡(cap) 사이의 빔으로 얇은 금속판으로 제작된다.",
            "thumbnail": ""
        },
        {
            "title": "<b>웹</b>",
            "link": "https://terms.naver.com/entry.naver?docId=395006&cid=50316&categoryId=50316",
            "description": "롱월채탄에서 Shearer 드럼이 일회에 깎는 석탄 깊이를 지칭.",
            "thumbnail": ""
        }
    ]
}
