{
    "lastBuildDate": "Fri, 29 Oct 2021 17:19:32 +0900",
    "total": 4035,
    "start": 1,
    "display": 10,
    "items": [
        {
            "title": "<b>자바</b>",
            "link": "https://terms.naver.com/entry.naver?docId=826825&cid=42344&categoryId=42344",
            "description": "&#60;<b>자바</b> 특징&#62; ① <b>자바</b>는 간단하다 (simple) ① 하나의 소프트웨어가 제작될 때는 소프트웨어를 제작하는 비용도 많이 들지만 유지 보수하는 비용도 어마어마하다. <b>자바</b> 언어는 이러한 점을 고려하여... ",
            "thumbnail": "http://openapi-dbscthumb.phinf.naver.net/0805_000_1/20111121125406714_YFX6R61YX.jpg/J14_i1.jpg?type=m160_160"
        },
        {
            "title": "<b>자바</b>",
            "link": "https://terms.naver.com/entry.naver?docId=3611998&cid=58598&categoryId=59316",
            "description": " 객체지향 프로그래밍 언어 중 하나.  <b>자바</b>는 객체지향 프로그래밍 언어입니다. 객체지향 프로그래밍은 프로그램을 짤 때 각각의 역할을 하는 객체로 프로그램을 구성합니다. 때문에 비슷한 역할을 해야 하는... ",
            "thumbnail": "http://openapi-dbscthumb.phinf.naver.net/4751_000_3/20170725184608169_JKHN6RZO7.jpg/992_170541_09563.jpg?type=m160_160"
        },
        {
            "title": "<b>자바</b>",
            "link": "https://terms.naver.com/entry.naver?docId=2807121&cid=40942&categoryId=32838",
            "description": " 객체지향프로그래밍 언어로서 C/C++에 비해 간략하고 쉬우며 네트워크 기능의 구현이 용이하기 때문에, 인터넷 환경에서 가장 활발히 사용되는 프로그래밍 언어이다. <b>자바</b> 프로그램은 운영체제의... ",
            "thumbnail": ""
        },
        {
            "title": "<b>자바</b>",
            "link": "https://terms.naver.com/entry.naver?docId=1337594&cid=40942&categoryId=32127",
            "description": " 인도네시아의 <b>자바</b>(Java)커피는 예멘의 모카(Mocha)와 혼합한 모카 <b>자바</b>(Mocha Java)로 유명하다.  인도네시아 <b>자바</b>(Java)지역의 커피로 스트레이트 커피(Straight Coffee)로 마시기도 하지만 예멘의... ",
            "thumbnail": "http://openapi-dbscthumb.phinf.naver.net/2765_000_321/20190122021454203_YD8UG9XC2.jpg/1719256.jpg?type=m160_160"
        },
        {
            "title": "<b>자바</b>",
            "link": "https://terms.naver.com/entry.naver?docId=357751&cid=42596&categoryId=42596",
            "description": "그 <b>자바</b>를 의인화하여 노래한 이 샹송은 에디 마르네 작사, 에밀 스테른(Emile Stern) 작곡에 의한 1955년의 작품이다. 뤼시엔 드릴이 1956년에 취입한 레코드가 대히트하여, 57년의 ADF 디스크 대상을... ",
            "thumbnail": ""
        },
        {
            "title": "<b>자바</b> 프로그래밍 언어",
            "link": "https://terms.naver.com/entry.naver?docId=3586560&cid=59277&categoryId=59278",
            "description": "있던 한계 극복의 필요성, 호환이 잘되고 간단한 정제된 언어의 필요성, 그리고 사용자와 상호 대화가 가능한 기능 요소의 필요성 때문에 고안된 3세대 언어이다. <b>자바</b> 프로그램 언어의 심벌 마크",
            "thumbnail": "http://openapi-dbscthumb.phinf.naver.net/4874_000_1/20170502190804493_5QKHFU8SI.jpg/ka39_117_i1.jpg?type=m160_160"
        },
        {
            "title": "<b>자바</b>",
            "link": "https://terms.naver.com/entry.naver?docId=850606&cid=42346&categoryId=42346",
            "description": "<b>자바</b>는 객체 클래스의 계승(inheri-tance) 관계를 실행할 때에 확정하는 동적 모델을 채용하였다. C++에서는 컴파일 시에 확정하기 때문에 상위 클래스에 새로운 기능을 추가하면 그 클래스와 계승 관계가... ",
            "thumbnail": ""
        },
        {
            "title": "<b>자바</b>",
            "link": "https://terms.naver.com/entry.naver?docId=3533009&cid=58528&categoryId=58528",
            "description": "<b>자바</b>는 선 마이크로시스템즈(Sun Microsystems)의 제임스 고슬링(James Gosling)이 개발한 객체지향 언어이다. <b>자바</b>는 C 언어를 토대로 오브젝트-C를 거쳐 기계의 운영체제와 무관하게 실행할 수 있도록... ",
            "thumbnail": "http://openapi-dbscthumb.phinf.naver.net/4666_000_1/20161005133827452_X3WMWVRYN.jpg/ka37_180_i1.jpg?type=m160_160"
        },
        {
            "title": "<b>자바</b>",
            "link": "https://terms.naver.com/entry.naver?docId=1234912&cid=40942&categoryId=32127",
            "description": " 인도네시아 <b>자바</b>섬에서 생산되는 홍차.  제2차 세계대전 당시에 생산량이 많이 줄어들기는 했지만, 세계 4위에 해당하는 많은 양의 홍차를 생산하는 대규모 산지가 섬 각지에 분포되어 있다. 제조되는... ",
            "thumbnail": "http://openapi-dbscthumb.phinf.naver.net/2765_000_170/20181217022406277_FJLOVIL9R.jpg/257774.jpg?type=m160_160"
        },
        {
            "title": "<b>자바</b>",
            "link": "https://terms.naver.com/entry.naver?docId=3478388&cid=58439&categoryId=58439",
            "description": "<b>자바</b>를 다른 컴파일언어와 구분 짓는 가장 큰 특징은 컴파일된 코드가 플랫폼 독립적이라는 점이다. <b>자바</b> 컴파일러는 <b>자바</b> 언어로 작성된 프로그램을 바이트코드(Bytecode)라는 특수한 바이너리... ",
            "thumbnail": ""
        }
    ]
}
