{
    "lastBuildDate": "Fri, 29 Oct 2021 17:33:13 +0900",
    "total": 3912493,
    "start": 1,
    "display": 10,
    "items": [
        {
            "title": "만족했던 <b>홍대</b>왁싱",
            "link": "https:\/\/blog.naver.com\/azilael98?Redirect=Log&logNo=222523041644",
            "description": "친구가 <b>홍대</b>왁싱 잘하는 곳이 있다며 저에게 가보자고 하더라고요. 결론만 말씀드리면 정말 대만족을 했답니다. 그럼 오늘은 방문한 후기를 한번 풀어보도록 할게요. 젊음의 거리 <b>홍대</b>에는 친구들을 만나러도... ",
            "bloggername": "부산댁 속초사는 이야기!!",
            "bloggerlink": "https://blog.naver.com/azilael98",
            "postdate": "20211001"
        },
        {
            "title": "<b>홍대</b>게임학원 개발자 되는 학습과정",
            "link": "https:\/\/blog.naver.com\/jwa00700?Redirect=Log&logNo=222546086017",
            "description": "그래서 정말 재미있는 게임을 만들어 보기 위해 <b>홍대</b>게임학원을 다니게 되었습니다. 이런 결정을 하게... 프로그래밍 쪽은 전혀 아는 게 없었기 때문에 기초부터 배우기 위해 전문성이 뛰어난 <b>홍대</b>게임학원을... ",
            "bloggername": "Colson's Salty Blog",
            "bloggerlink": "https://blog.naver.com/jwa00700",
            "postdate": "20211023"
        },
        {
            "title": "기억에 남는 <b>홍대</b> 맛집 추천",
            "link": "https:\/\/blog.naver.com\/bada3347?Redirect=Log&logNo=222541666380",
            "description": "최근에 친구들이랑 런치타임을 가지려고 사전에 찾아둔 <b>홍대</b> 맛집 추천 받은곳으로 향했어요. 음식... 위치 : 서울 마포구 와우산로21길 20-11 2층 운영시간 : 11:30-22:00 저희가 들른 감성타코는 <b>홍대</b>입구역에서... ",
            "bloggername": "바다의 맛있는 사진여행",
            "bloggerlink": "https://blog.naver.com/bada3347",
            "postdate": "20211019"
        },
        {
            "title": "<b>홍대</b>미용실 라몽드 태호원장님 헤어 클리닉 성공!",
            "link": "https:\/\/blog.naver.com\/72591004?Redirect=Log&logNo=222516970822",
            "description": "<b>홍대</b>미용실 라몽드 헤어클리닉 w/ 태호원장님 내년 본식을 위해 머리를 기르는 중인데 요즘 머릿결 너무 심각했어요 사진에서 개털 진짜 심각하죠.. 이대로는 내년까지 못 버틸 것 같아서 흑흑 <b>홍대</b>미용실... ",
            "bloggername": "영스토리 youngstory",
            "bloggerlink": "https://blog.naver.com/72591004",
            "postdate": "20210926"
        },
        {
            "title": "숙성 돼지의 참맛이 있는 <b>홍대</b> 고기집",
            "link": "https:\/\/blog.naver.com\/lovely_fat?Redirect=Log&logNo=222551606074",
            "description": "한강 선유도로 나들이하고 돌아오는 길에 가족과 함께 외식을 했던 <b>홍대</b> 고기집이 감동적이라서 후기를... 없어서 <b>홍대</b> 베이커리로 착각할 수 있겠어요 한쪽에 있는 돈육숙성냉장고를 발견하고 이곳이 돼지 전문... ",
            "bloggername": "나홀로 즐기는 삶",
            "bloggerlink": "https://blog.naver.com/lovely_fat",
            "postdate": "20211028"
        },
        {
            "title": "서울 호텔 추천 서울 가성비 숙소 홀리데이인 익스프레스 <b>홍대</b>",
            "link": "https:\/\/blog.naver.com\/wlsgml850?Redirect=Log&logNo=222543501848",
            "description": "서울 호텔 가성비 숙소 홀리데이인 익스프레스 <b>홍대</b> 서울 나들이를 가면서 제일 먼저 고민했던 게 어디에 숙소를 두느냐였는데요. 하루는 서울 가성비 숙소지만 위치가 기가 막히기 좋았던 <b>홍대</b> 호텔... ",
            "bloggername": "트래블러버의 맛있는 여행",
            "bloggerlink": "https://blog.naver.com/wlsgml850",
            "postdate": "20211021"
        },
        {
            "title": "인상적인 <b>홍대</b> 맛집",
            "link": "https:\/\/blog.naver.com\/reina1124?Redirect=Log&logNo=222527640951",
            "description": "오랜만에 찌니와 <b>홍대</b> 맛집에 가서 점심 한끼 하고 왔다 고급스러운 퓨전 양식들과 직원들의 서비스까지 완벽하게 누렸던 곳이라 소개를 해보려고 한다 :) 1. 미도인 <b>홍대</b> 주소 : 서울특별시 마포구... ",
            "bloggername": "자유롭게 피어나기 ♪",
            "bloggerlink": "https://blog.naver.com/reina1124",
            "postdate": "20211006"
        },
        {
            "title": "품격이 넘치던 <b>홍대</b> 맛집 리스트",
            "link": "https:\/\/blog.naver.com\/ohgkaeun?Redirect=Log&logNo=222506798977",
            "description": "안녕하세요 가은이에요- 간만에 절친과 <b>홍대</b> 맛집에 가서 식사를 하고 왔어요. 클라스가 높던 음식들과 직원분들의 친절함까지 넘나 완벽했어서 공유할까 해요. #<b>홍대</b>맛집 #토끼정 1. 토끼정 토끼 밥상 33... ",
            "bloggername": "오가리의 여행같은 인생, ♥",
            "bloggerlink": "https://blog.naver.com/ohgkaeun",
            "postdate": "20210916"
        },
        {
            "title": "합정 <b>홍대</b> 인도커리 맛집 델리인디아",
            "link": "https:\/\/blog.naver.com\/kurohana?Redirect=Log&logNo=222542325947",
            "description": "상수역 1번 출구 / <b>홍대</b>, 합정 인도커리 맛집 델리인디아 마나와 네일 받고 배고픈 배를 움켜쥐고 찾아 간 <b>홍대</b> / 합정 인도카레 맛집 '델리인디아' 원래 <b>홍대</b>오면 마나와 늘 가던 인도카레집이 있었는데... ",
            "bloggername": "once upon a december",
            "bloggerlink": "https://blog.naver.com/kurohana",
            "postdate": "20211020"
        },
        {
            "title": "<b>홍대</b> 마라샹궈 맛집 &lt;라화쿵부&gt; 마라탕, 꿔바로우 후기&amp;가격",
            "link": "https:\/\/blog.naver.com\/hshyun0602?Redirect=Log&logNo=222539901208",
            "description": "<b>홍대</b> 마라샹궈 맛집 &lt;라화쿵부&gt; 마라탕, 꿔바로우 후기&amp;가격 #<b>홍대</b>마라샹궈 #라화쿵부 라화쿵부 <b>홍대</b>점 글/사진 브로디 비가 적추적추 내리던 어느 날, 마라샹궈가 땡겨서 방문한 라화쿵부 <b>홍대</b>점. 나는... ",
            "bloggername": "브리랜서 브로디",
            "bloggerlink": "https://blog.naver.com/hshyun0602",
            "postdate": "20211021"
        }
    ]
}
