<?xml version="1.0" encoding="UTF-8"?>
<beans xmlns="http://www.springframework.org/schema/beans"
	xmlns:xsi="http://www.w3.org/2001/XMLSchema-instance"
	xmlns:context="http://www.springframework.org/schema/context"
	xsi:schemaLocation="http://www.springframework.org/schema/beans http://www.springframework.org/schema/beans/spring-beans.xsd
		http://www.springframework.org/schema/context http://www.springframework.org/schema/context/spring-context-4.3.xsd">

    <bean id="collectionBeanProp" 
    class="com.pcwk.ehr.col.CollectionBeanProp">
        <property name="addressList">
            <props>
               <prop key="RPA">서울 영등포구 양산로 53 401</prop>
               <prop key="JAVA_DEV">서울 영등포구 양산로 53 402</prop>
            </props>
        </property>
    </bean>    
</beans>
