<?xml version="1.0" encoding="UTF-8"?>
<beans xmlns="http://www.springframework.org/schema/beans"
	xmlns:xsi="http://www.w3.org/2001/XMLSchema-instance"
	xmlns:context="http://www.springframework.org/schema/context"
	xsi:schemaLocation="http://www.springframework.org/schema/beans http://www.springframework.org/schema/beans/spring-beans.xsd
		http://www.springframework.org/schema/context http://www.springframework.org/schema/context/spring-context-4.3.xsd">

    <bean id="collectionBean" class="com.pcwk.ehr.col.CollectionBean">
        <property name="addressList">
            <list>
                <value>서울 영등포구 양산로 53 401</value>
                <value>서울 영등포구 양산로 53 402</value>
                <value>서울 영등포구 양산로 53 209</value>
            </list>
        </property>
    </bean>


</beans>
