<?xml version="1.0" encoding="UTF-8"?>
<!DOCTYPE mapper
  PUBLIC "-//mybatis.org//DTD Mapper 3.0//EN"
  "http://mybatis.org/dtd/mybatis-3-mapper.dtd">
<mapper namespace="com.pcwk.ehr.member">

  <!-- 건수조회  namespace+id -> com.pcwk.ehr.member.getCount -->
  <select id="getCount" resultType="int">
     SELECT COUNT(*) cnt 
     FROM hr_member 
  </select>
  
  
  <!-- 단건 등록  namespace+id -> com.pcwk.ehr.member.doInsert -->
  <insert id="doInsert" parameterType="UserVO">
	 INSERT INTO hr_member (
	     u_id,              
	     name,              
	     passwd,            
	     u_level,           
	     login,             
	     recommend,         
	     email,             
	     reg_dt             
	 ) VALUES (             
	     #{uId},                 
	     #{name},                 
	     #{passwd},                 
	     #{intLevel},                 
	     #{login},                 
	     #{recommend},                 
	     #{email},                 
	     sysdate            
	 )                        
  </insert>
  
  <!-- 전체 삭제 -->
  <delete id="deleteAll">
     DELETE FROM hr_member
  </delete>
     
  <!-- 단건삭제 : namespace+id -> com.pcwk.ehr.member.doDelete -->
  <delete id="doDelete" parameterType="UserVO" >
     DELETE FROM hr_member
     WHERE u_id = #{uId}
  </delete>
  
  <!-- 단건조회 namespace+id -> com.pcwk.ehr.member.doSelectOne -->
  <select id="doSelectOne" parameterType="UserVO" resultType="UserVO">
	SELECT                                              
	    u_id AS "uId",                                            
	    name,                                            
	    passwd,                                          
	    u_level AS intLevel,                                         
	    login,                                           
	    recommend,                                       
	    email,                                           
	    TO_CHAR(reg_dt,'yyyy/mm/dd hh24:mi:ss') AS  regDt  
	FROM hr_member                                       
	WHERE u_id = #{uId}      
  </select>
  
  
  
</mapper>  