<?xml version="1.0" encoding="UTF-8"?>
<beans xmlns="http://www.springframework.org/schema/beans"
	xmlns:xsi="http://www.w3.org/2001/XMLSchema-instance"
	xmlns:context="http://www.springframework.org/schema/context"
	xsi:schemaLocation="http://www.springframework.org/schema/beans http://www.springframework.org/schema/beans/spring-beans.xsd
		http://www.springframework.org/schema/context http://www.springframework.org/schema/context/spring-context-4.3.xsd">

    <bean id="tv" class="com.pcwk.ehr.SamsungTV" 
    init-method="initMethod"
    destroy-method="destroyMethod">
      <!-- 생성자 통한 injection -->
<!--       <constructor-arg value="10000000"/>
      <constructor-arg ref="sonySpeaker"/> -->
      
      <constructor-arg  index="0" ref="sonySpeaker"/>
      <constructor-arg  index="1" value="10000000"/>
    </bean>
    
    <bean id="sonySpeaker" class="com.pcwk.ehr.SonySpeaker"></bean>
    
    
</beans> 
