<?xml version="1.0" encoding="UTF-8"?>
<beans xmlns="http://www.springframework.org/schema/beans"
	xmlns:xsi="http://www.w3.org/2001/XMLSchema-instance"
	xmlns:aop="http://www.springframework.org/schema/aop"
	xmlns:context="http://www.springframework.org/schema/context"
	xmlns:p="http://www.springframework.org/schema/p"
	xsi:schemaLocation="http://www.springframework.org/schema/beans http://www.springframework.org/schema/beans/spring-beans.xsd
		http://www.springframework.org/schema/aop http://www.springframework.org/schema/aop/spring-aop-4.3.xsd
		http://www.springframework.org/schema/context http://www.springframework.org/schema/context/spring-context-4.3.xsd">
   <!-- Target -->
   <bean id="memberImpl" class="com.pcwk.ehr.aspectj.MemberImpl"/>
   
   <!-- Advice:부가기능 -->
   <bean id="loggingAOP" class="com.pcwk.ehr.aspectj.LoggingAOP"/>

   <!-- 
      pointcut : 필터링
      * com.pcwk.ehr.aspectj..*Impl.do*(..)
      
      * : return
      com.pcwk.ehr.aspectj: 패키지
      ..: 하위의 모든것.
      *Impl: Impl로 끝나는 클래스
      do*: 메서드가 do로 시작하는
      (..): 메서드의 모든 파람
      =============================
      aop:aspect : aop:pointcut + advice
      aop:before : target이 실행되기 전에 advice수행
      aop:after  : target이 실행e된 이후에 advice수행
    -->
   <aop:config>
      <aop:pointcut expression="execution(* com.pcwk.ehr.aspectj..*Impl.do*(..))"   id="allPointCut"/> 
      <aop:pointcut expression="execution(* com.pcwk.ehr.aspectj..*Impl.del*(..))" id="delPointCut"/>
      
      <aop:aspect ref="loggingAOP">
         <aop:after method="logging" pointcut-ref="delPointCut"/>
      </aop:aspect>
   </aop:config>

</beans>
